Django海淀,北京,django,本科,3-5年,"[""\u540e\u7aef"", ""Python"", ""Django"", ""\u8ba1\u7b97\u673a\u76f8\u5173\u4e13\u4e1a"", ""\u5168\u6808\u5f00\u53d1\u7ecf\u9a8c"", """", """", """"]","[12000, 18000]",0薪,"[""\u52a0\u73ed\u8865\u52a9"", ""\u5e26\u85aa\u5e74\u5047"", ""\u4e94\u9669\u4e00\u91d1"", ""\u5b9a\u671f\u4f53\u68c0"", ""\u8282\u65e5\u798f\u5229""]",副总裁,朱先生副总裁,0,研峰科技,"https://img.bosszhipin.com/beijin/mcs/chatphoto/20170506/e67e0be2c75763f0b4da48017deadac8a135f3b728f458acb504dfc857629ced.jpg?x-oss-process=image/resize,w_100,limit_0",进出口贸易,B轮,"[100, 499]",https://www.zhipin.com/job_detail/6b421a2756f510b71nJ539S6E1M~.html?lid=62BcsDlWLkg.search.1&securityId=2C_Ukf8ah2ZGu--1hHmurIheVWvPPS8ntwTNFKEdBrau--RWGJ4qbtboa14ubEwIKGgMJV2rLd7xFhmn9zlho7TWed1vPNPG9N5xzu3-wegzTCI~&sessionId=,https://www.zhipin.com/gongsi/2e0aa0cdaf3892461XN-2N25.html,海淀区
django开发,长沙,django,本科,经验不限,"[""\u670d\u52a1\u7aef\u5f00\u53d1\u7ecf\u9a8c"", ""Django"", ""\u540e\u7aef"", ""\u8ba1\u7b97\u673a\u76f8\u5173\u4e13\u4e1a"", ""Python""]","[5000, 7000]",0薪,"[""\u4e94\u9669\u4e00\u91d1"", ""\u80a1\u7968\u671f\u6743"", ""\u8282\u65e5\u798f\u5229""]",招聘者,邓先生招聘者,0,丁当通联信息科技,"https://img.bosszhipin.com/beijin/mcs/chatphoto/20191028/738580a6f00095100d4b85a6d8bcc40cb1b813924217e5458179c8bd6ff1f205_s.jpg?x-oss-process=image/resize,w_100,limit_0",电子商务,天使轮,"[20, 99]",https://www.zhipin.com/job_detail/188cbd882dc3b3681X150tW9EFNZ.html?lid=62BcsDlWLkg.search.2&securityId=zrM2Rv5UAxMGJ-011Iyi_HULINIxTzssjFYKUUCwZjwLu_PiJNm57VtOBPb12v1rwgIClsctwo7rXkOzhpGbO40sqpS4WXX226RCNZXGu9McyILPUqc~&sessionId=,https://www.zhipin.com/gongsi/2e0aa0cdaf3892461XN-2N25.html,长沙县
Python Django后端,上海,django,本科,1-3年,"[""Django"", ""GIT"", ""MySQL""]","[9000, 10000]",0薪,"[""\u4e94\u9669\u4e00\u91d1"", ""\u80a1\u7968\u671f\u6743"", ""\u5e26\u85aa\u5e74\u5047""]",HR,彭女士HR,0,狐步网络科技,"https://img.bosszhipin.com/beijin/upload/com/workfeel/20231020/7bf6f160950405e9895f71fc806a539065fa151a902440a7af3a367f1262fb9affd8f1296cae0f69.png.webp?x-oss-process=image/resize,w_100,limit_0",电子商务,天使轮,"[0, 20]",https://www.zhipin.com/job_detail/97eab536ec5c351a1Xd82921FVpT.html?lid=62BcsDlWLkg.search.3&securityId=3RG2EnY8Pk6u5-61Y3gJ7lCihh3-_eGPNqc4gHxYNmJ7FBih5qpD2QnCTExbLjxAxNvO6g4hX2RIWOUL3CIy5mTgjWPxGbGrpJbpohNFLnVF8fuKGo9X&sessionId=,https://www.zhipin.com/gongsi/2e0aa0cdaf3892461XN-2N25.html,杨浦区
Python/Django工程师,天津,django,本科,1-3年,"[""Redis"", ""\u8ba1\u7b97\u673a\u76f8\u5173\u4e13\u4e1a"", ""\u540e\u7aef"", ""Windows"", ""\u82f1\u8bed\u8bfb\u5199\u80fd\u529b\u826f\u597d"", """", """", """", """", """", """", """", """", """"]","[6000, 10000]",0薪,"[""\u4e94\u9669\u4e00\u91d1""]",招聘者,白先生招聘者,0,艾尔康,"https://img.bosszhipin.com/beijin/icon/894ce6fa7e58d64d57e7f22d2f3a9d18afa7fcceaa24b8ea28f56f1bb14732c0.png?x-oss-process=image/resize,w_100,limit_0",计算机软件,未融资,"[0, 20]",https://www.zhipin.com/job_detail/41e53657b405a1d61nx40ti_GFFU.html?lid=62BcsDlWLkg.search.4&securityId=EnPbAiRFPftUU-a1obg1ZNc4TTdST0QJGJnznVOx0dyezBchp7u-oMfS-p55206fwfsp_L3K_wLwmqBwF4B7iSNCip17bgdiC9_n0EjhPowH8__bZ2_k&sessionId=,https://www.zhipin.com/gongsi/2e0aa0cdaf3892461XN-2N25.html,津南区
django开发工程师,苏州,django,本科,3-5年,"[""Golang"", ""\u8ba1\u7b97\u673a\u76f8\u5173\u4e13\u4e1a"", ""\u540e\u7aef"", ""Python""]","[30000, 35000]",13薪,"[""\u4f01\u4e1a\u5e74\u91d1"", ""\u8282\u65e5\u798f\u5229"", ""\u56e2\u5efa\u805a\u9910"", ""\u901a\u8baf\u8865\u8d34"", ""\u514d\u8d39\u5de5\u88c5"", ""\u4ea4\u901a\u8865\u52a9"", ""\u751f\u65e5\u798f\u5229"", ""\u7ee9\u6548\u5956\u91d1"", ""\u4e94\u9669\u4e00\u91d1"", ""\u516c\u79ef\u91d1\u8865\u8d34"", ""\u514d\u8d39\u73ed\u8f66"", ""\u8865\u5145\u533b\u7597\u4fdd\u9669"", ""\u5e74\u7ec8\u5956"", ""\u5e26\u85aa\u5e74\u5047"", ""\u4f4f\u623f\u8865\u8d34"", ""\u52a0\u73ed\u8865\u52a9"", ""\u9910\u8865"", ""\u9ad8\u6e29\u8865\u8d34"", ""\u5458\u5de5\u65c5\u6e38"", ""\u5b9a\u671f\u4f53\u68c0""]",产品经理,王先生产品经理,0,中移,"https://img.bosszhipin.com/beijin/mcs/chatphoto/20190219/21fbda5308227e820ca6028141c7be2ecfcd208495d565ef66e7dff9f98764da.jpg?x-oss-process=image/resize,w_100,limit_0",计算机软件,已上市,"[1000, 9999]",https://www.zhipin.com/job_detail/abaec111af45cb181XN52tW8GFRV.html?lid=62BcsDlWLkg.search.5&securityId=_3uwGUtAMM0Bm-a1Gvrm_-es2l75ujwlX4FUI597yhrbiMtPqWot4pdkkiwMF9WkNaftckNwEODd_z8EsNoc6dR-M-GZJYnkR0fXdd9o0N6htGyWCw~~&sessionId=,https://www.zhipin.com/gongsi/2e0aa0cdaf3892461XN-2N25.html,虎丘区
Python工程师 django flask,哈尔滨,django,大专,1-3年,"[""Django"", ""Flask""]","[7000, 12000]",0薪,"[""\u4e94\u9669\u4e00\u91d1"", ""\u901a\u8baf\u8865\u8d34"", ""\u96f6\u98df\u4e0b\u5348\u8336"", ""\u5e74\u7ec8\u5956"", ""\u5e26\u85aa\u5e74\u5047""]",人事,陈女士人事,0,乌嘎信息,"https://img.bosszhipin.com/beijin/mcs/chatphoto/20180628/49348f072b8fdb3da9be4a855d9b83bc031d6f7f440257f16ba0478df2f1427d.jpg?x-oss-process=image/resize,w_100,limit_0",通信/网络设备,未融资,"[0, 20]",https://www.zhipin.com/job_detail/acd9bc2fc1e299831nJz2d6-E1BT.html?lid=62BcsDlWLkg.search.6&securityId=TpGnJJwtu1JIk-C1HlDHV2czmHKqXbCTu4fnQ_8qw8b9znc3wQHcUWuahm09eH9SyTNQiiVHQhsM2siyGpQnrriWO_ccCF2GilkgjLJONVbnFxAl&sessionId=,https://www.zhipin.com/gongsi/2e0aa0cdaf3892461XN-2N25.html,松北区
Django 开发工程师,西安,django,本科,3-5年,"[""SQL"", ""Django"", ""Flask""]","[10000, 15000]",13薪,"[""\u8865\u5145\u533b\u7597\u4fdd\u9669"", ""\u5b9a\u671f\u4f53\u68c0"", ""\u5458\u5de5\u65c5\u6e38"", ""\u52a0\u73ed\u8865\u52a9"", ""\u4f4f\u623f\u8865\u8d34"", ""\u8282\u65e5\u798f\u5229"", ""\u5e26\u85aa\u5e74\u5047"", ""\u80a1\u7968\u671f\u6743"", ""\u96f6\u98df\u4e0b\u5348\u8336"", ""\u4e94\u9669\u4e00\u91d1"", ""\u5e74\u7ec8\u5956""]",人力资源经理,亢女士人力资源经理,0,维恩咨询,"https://img.bosszhipin.com/beijin/mcs/chatphoto/20180305/2dcf30b936691307a6117fc125a072d7cfcd208495d565ef66e7dff9f98764da.jpg?x-oss-process=image/resize,w_100,limit_0",大数据,未融资,"[20, 99]",https://www.zhipin.com/job_detail/283d9a8738c095d91nx_3tq-GVVV.html?lid=62BcsDlWLkg.search.7&securityId=MMUKk6J2Z1QkA-t1deYqKGFDBl0WG170LQcYuT27U3PXpQMA8Pyqk473AJrdWdne06fuQF9b2phO6T_ObUnCfRkYStkIw8LZwPpfrh88kjYqbNMp-I8~&sessionId=,https://www.zhipin.com/gongsi/2e0aa0cdaf3892461XN-2N25.html,雁塔区
django开发工程师,武汉,django,本科,1-3年,"[""Python"", ""C++"", ""Django"", ""Flask"", ""MySQL"", ""Redis"", ""MongoDB""]","[7000, 9000]",0薪,无,招聘者,李先生招聘者,0,武汉幂思信息科技,"https://img.bosszhipin.com/beijin/icon/894ce6fa7e58d64d57e7f22d2f3a9d18afa7fcceaa24b8ea28f56f1bb14732c0.png?x-oss-process=image/resize,w_100,limit_0",互联网,未融资,"[20, 99]",https://www.zhipin.com/job_detail/0a4c0417b446224f1HV929m-FlpT.html?lid=62BcsDlWLkg.search.8&securityId=aXs1b793GzSoH-Z15f2G2t9Kal2P6ljw3oD3Kd7cu8jIP-jGR7R8k0ye8A0gqwrhiqbF0nkrmAH7sqvglNy4xQkFfcdtYKIYM3MJbogwOvvCrSTRKgc~&sessionId=,https://www.zhipin.com/gongsi/2e0aa0cdaf3892461XN-2N25.html,武昌区
Django开发工程师《OD》,杭州,django,本科,1-3年,"[""Django"", ""\u591a\u8fdb\u7a0b"", ""\u670d\u52a1\u5668\u914d\u7f6e"", ""\u8f6f\u4ef6\u5de5\u7a0b\u5e08"", ""Linux"", ""MySQL""]","[20000, 40000]",0薪,"[""\u9910\u8865"", ""\u96f6\u98df\u4e0b\u5348\u8336"", ""\u5b9a\u671f\u4f53\u68c0"", ""\u8282\u65e5\u798f\u5229"", ""\u5e74\u7ec8\u5956"", ""\u8865\u5145\u533b\u7597\u4fdd\u9669"", ""\u4e94\u9669\u4e00\u91d1"", ""\u5458\u5de5\u65c5\u6e38"", ""\u80a1\u7968\u671f\u6743"", ""\u52a0\u73ed\u8865\u52a9""]",招聘经理,王先生招聘经理,0,华为,"https://img.bosszhipin.com/beijin/upload/com/logo/20200429/8f64c9d0b30a53c434b26799ca78966cec9b49ecaf1604cb263748f03d5c2b0f.png?x-oss-process=image/resize,w_100,limit_0",计算机软件,不需要融资,"[0, 10000]",https://www.zhipin.com/job_detail/567892bedba80c971XZ83tW4FFtX.html?lid=62BcsDlWLkg.search.9&securityId=8xDzJaQshxfoQ-V1SCYEYD8DQ-5N8R6zrKUVH3YNWLE8oogUlgrKC8slYFrXK4XXb5f6yidWBg4c_N_St_tmlqBnus4HAn4mPskGH4lNs-G2VQ~~&sessionId=,https://www.zhipin.com/gongsi/2e0aa0cdaf3892461XN-2N25.html,滨江区
Python+Django开发工程师,北京,django,本科,1-3年,"[""Python"", ""Python\u5de5\u7a0b\u5e08"", ""Python\u7b97\u6cd5\u5de5\u7a0b\u5e08"", ""Django""]","[9000, 12000]",0薪,"[""\u4e94\u9669\u4e00\u91d1""]",HR,刘女士HR,0,北京搜麦,"https://img.bosszhipin.com/beijin/icon/894ce6fa7e58d64d57e7f22d2f3a9d18afa7fcceaa24b8ea28f56f1bb14732c0.png?x-oss-process=image/resize,w_100,limit_0",计算机软件,未融资,"[20, 99]",https://www.zhipin.com/job_detail/45c59581bcc9c6741nV83tu-E1RQ.html?lid=62BcsDlWLkg.search.10&securityId=rISlFM7p_hvAk-n1kypYXc57VJAltweBZHpPfF9vvf4WV34tg1zkJQW4Zfggt9NGLqzTmD4pjD-8I1A7Poc9CravQpXdgGOLaHi_hkD5OLjDL4ERNQ~~&sessionId=,https://www.zhipin.com/gongsi/2e0aa0cdaf3892461XN-2N25.html,昌平区
高级Django开发工程师,北京,django,本科,1-3年,"[""\u540e\u7aef"", ""\u673a\u5668\u5b66\u4e60/\u7b97\u6cd5\u5de5\u7a0b"", ""\u8fd0\u7ef4\u5f00\u53d1"", ""Python"", """", """"]","[15000, 30000]",0薪,"[""\u5b9a\u671f\u4f53\u68c0"", ""\u9910\u8865"", ""\u901a\u8baf\u8865\u8d34"", ""\u514d\u8d39\u73ed\u8f66"", ""\u5e74\u7ec8\u5956"", ""\u8865\u5145\u533b\u7597\u4fdd\u9669"", ""\u4f4f\u623f\u8865\u8d34"", ""\u5e26\u85aa\u5e74\u5047"", ""\u5a31\u4e50\u5065\u8eab"", ""\u4e94\u9669\u4e00\u91d1"", ""\u52a0\u73ed\u8865\u52a9"", ""\u4ea4\u901a\u8865\u52a9"", ""\u96f6\u98df\u4e0b\u5348\u8336"", ""\u8282\u65e5\u798f\u5229"", ""\u5458\u5de5\u65c5\u6e38""]",产品总监,刘先生产品总监,0,百度,"https://img.bosszhipin.com/beijin/mcs/banner/00c9c1238ae2c986f3e7741be97a9669cfcd208495d565ef66e7dff9f98764da.jpg?x-oss-process=image/resize,w_100,limit_0",互联网,已上市,"[0, 10000]",https://www.zhipin.com/job_detail/b82dab1c378ace381HR_39S_ElNZ.html?lid=62BcsDlWLkg.search.11&securityId=6xpWdkNAet8K8-S1Aba-7yaxp9hAPwOAcJwG7Nb0lRdrMJ-dkV56EkNFKyGQqAp8n2pqdM0JaQ__vLCBEImKh7fh3KpGh6ySYxEx7Wzigv26eLDWSj0~&sessionId=,https://www.zhipin.com/gongsi/2e0aa0cdaf3892461XN-2N25.html,海淀区
全栈工程师 (3名) Python/Django/Docker,深圳,django,本科,3-5年,"[""Python"", ""Django"", ""\u5168\u6808\u5f00\u53d1\u7ecf\u9a8c""]","[8000, 12000]",13薪,"[""\u5e74\u7ec8\u5956"", ""\u4e94\u9669\u4e00\u91d1""]",招聘者,林女士招聘者,0,深圳市深友成数据科技,"https://img.bosszhipin.com/beijin/upload/com/workfeel/20231130/7bf6f160950405e948386e718d11a708201a5248a788bab8ffa385616fc8ea8df69451f0ccbb2486.png.webp?x-oss-process=image/resize,w_100,limit_0",互联网,不需要融资,"[0, 20]",https://www.zhipin.com/job_detail/ba28026a07b6c66e1HV72dq9FFZQ.html?lid=62BcsDlWLkg.search.12&securityId=qPci1ycCrG_Tv-g19iKi_79ncrj5ijcfh9gEgjfy876xPxWgbiDiX4_ZRibOgTmJzKsmCkKV8f8v35bLTq-oKaga_mcsWG0VPNSxZppX4t2yGzTjqulM&sessionId=,https://www.zhipin.com/gongsi/2e0aa0cdaf3892461XN-2N25.html,罗湖区
Python & Django开发,郑州,django,本科,1-3年,"[""Python"", ""Django"", ""\u8ba1\u7b97\u673a\u76f8\u5173\u4e13\u4e1a"", ""\u6570\u5b66/\u7edf\u8ba1\u76f8\u5173\u4e13\u4e1a"", """"]","[8000, 12000]",0薪,"[""\u4e94\u9669\u4e00\u91d1""]",hr,刘女士hr,0,郑州聚凡科技有限公司,"https://img.bosszhipin.com/beijin/app/mobile/normal-0e3f1e4441a21d4874cece3a3d81f0fe.png?x-oss-process=image/resize,w_100,limit_0",计算机软件,未融资,"[20, 99]",https://www.zhipin.com/job_detail/331d1a9b8814aa5c1XN62dq1FlZS.html?lid=62BcsDlWLkg.search.13&securityId=pQpzbWIvehhaD-511f1eqc4u9JA9wX5T_GpdLyVv95RLAP3I6utP8MchmP1Gt8kkWiBmQUovEC7M0q-A2igi87nccJk1zS1zRr-3l-lOmmo0CRA-aSOg&sessionId=,https://www.zhipin.com/gongsi/2e0aa0cdaf3892461XN-2N25.html,中原区
django开发工程师,丹东,django,本科,1年以内,"[""Python"", ""Django"", ""MySQL""]","[4000, 6000]",0薪,"[""\u4e94\u9669\u4e00\u91d1"", ""\u5e74\u7ec8\u5956"", ""\u5e26\u85aa\u5e74\u5047""]",总经理,张先生总经理,0,颖异星软,"https://img.bosszhipin.com/beijin/upload/com/logo/20210511/133a529a0afd6e5d401739a577e547ac42be7bfb71066d4801b63c8fc00453f5.png?x-oss-process=image/resize,w_100,limit_0",计算机软件,未融资,"[20, 99]",https://www.zhipin.com/job_detail/90957f8e5071bf6e1X192d69GFdS.html?lid=62BcsDlWLkg.search.14&securityId=x5Z5v0RN86BhB-M1FeeOec4EafdY0SfiDRvr_wj9DAiKIbVV77pjZ5UWXKxYJ1BRA4b6wmwt4EuivPJo1cK9T01mM9Te9P8P9U4_2Ps-wXmnTmEruWnR&sessionId=,https://www.zhipin.com/gongsi/2e0aa0cdaf3892461XN-2N25.html,凤城市
django开发工程师,北京,django,本科,3-5年,"[""\u540e\u7aef"", ""Python"", ""Django""]","[8000, 13000]",18薪,无,招聘者,李先生招聘者,0,京西物联,"https://img.bosszhipin.com/beijin/icon/894ce6fa7e58d64d57e7f22d2f3a9d18afa7fcceaa24b8ea28f56f1bb14732c0.png?x-oss-process=image/resize,w_100,limit_0",消费电子,未融资,"[0, 20]",https://www.zhipin.com/job_detail/4612d714411e94721X182tu0EVFW.html?lid=62BcsDlWLkg.search.15&securityId=IeMEKmbw1G2Lg-L18Uj62cjWSgK3y2Gt_zd8Fp0nxeErYljtEfdbOZFLHFwehwRep4A2hoC5R6-_4Z2a0dRJLZJ8G6ZAdQ_zQfX0w4gVpK5kGce-6Q~~&sessionId=,https://www.zhipin.com/gongsi/2e0aa0cdaf3892461XN-2N25.html,海淀区
Django工程师,上海,django,本科,3-5年,"[""\u540e\u7aef"", ""\u8ba1\u7b97\u673a\u76f8\u5173\u4e13\u4e1a"", ""Python""]","[20000, 30000]",0薪,"[""\u80a1\u7968\u671f\u6743"", ""\u4fdd\u5e95\u5de5\u8d44"", ""\u7ee9\u6548\u5956\u91d1"", ""\u5e74\u7ec8\u5956"", ""\u4e94\u9669\u4e00\u91d1""]",招聘者,刘先生招聘者,0,维汤科技,"https://img.bosszhipin.com/beijin/icon/894ce6fa7e58d64d57e7f22d2f3a9d18afa7fcceaa24b8ea28f56f1bb14732c0.png?x-oss-process=image/resize,w_100,limit_0",计算机软件,不需要融资,"[20, 99]",https://www.zhipin.com/job_detail/52c97299d1b3f7c61XN-0ti4GFRS.html?lid=62BcsDlWLkg.search.16&securityId=492aDYL7CYvRl-c1CHZzxwTcUfjgH78LeLoRIEA9ZLaqaVp4hk-cd48jreVpGy3QwAW_1-7xaqhfj2xPwd1KlfBlre862A7BZrTUHJH6LXKLBuzVSDxm&sessionId=,https://www.zhipin.com/gongsi/2e0aa0cdaf3892461XN-2N25.html,青浦区
Django工程师,天津,django,本科,1年以内,"[""\u540e\u7aef"", ""Python"", ""Django""]","[5000, 8000]",0薪,"[""\u4e94\u9669\u4e00\u91d1"", ""\u5458\u5de5\u65c5\u6e38"", ""\u7ee9\u6548\u5956\u91d1"", ""\u4fdd\u5e95\u5de5\u8d44"", ""\u5e74\u7ec8\u5956"", ""\u5e26\u85aa\u5e74\u5047"", ""\u9910\u8865"", ""\u5b9a\u671f\u4f53\u68c0""]",人力资源主管,林先生人力资源主管,0,允思拓,"https://img.bosszhipin.com/beijin/icon/894ce6fa7e58d64d57e7f22d2f3a9d18afa7fcceaa24b8ea28f56f1bb14732c0.png?x-oss-process=image/resize,w_100,limit_0",学术/科研,未融资,"[20, 99]",https://www.zhipin.com/job_detail/14f28ad24689ff281X1429-5E1ZU.html?lid=62BcsDlWLkg.search.17&securityId=EngyliGEQWkfv-U1mG5JX4HJ7Jv8uhIodNgEX8OJIuiyv7hgZKNXKPNgVve9wiu7CZa3471RZiEE_nQ91Fua3BUVeNjc_UFZzgpRmp0gw2DaZ31uPQQC&sessionId=,https://www.zhipin.com/gongsi/2e0aa0cdaf3892461XN-2N25.html,滨海新区
Python/Django工程师,南宁,django,学历不限,1-3年,"[""Python"", ""Web\u524d\u7aef"", ""MySQL""]","[6000, 8000]",0薪,无,合伙人,何女士合伙人,0,库瑞德,"https://img.bosszhipin.com/beijin/mcs/chatphoto/20170115/e85ba653b997935fdd1aacc838fa8b73bff184785bfad73408e19d0d53272a97.jpg?x-oss-process=image/resize,w_100,limit_0",计算机软件,A轮,"[20, 99]",https://www.zhipin.com/job_detail/74e897c2154c25530XN_3tu0ElY~.html?lid=62BcsDlWLkg.search.18&securityId=C11cjlm9Wb6ZL-F1mY65Yx_X3s54sST02crL5_vAhMTAxCDZaasZKouXwR0D8xeNI26EA3nHCQq-HS0fgJxk1O6zf_gGql1sdmxBi62c02eMLw~~&sessionId=,https://www.zhipin.com/gongsi/2e0aa0cdaf3892461XN-2N25.html,青秀区
高级Django工程师,北京,django,本科,经验不限,"[""Python"", ""\u540e\u7aef\u5f00\u53d1"", ""\u5168\u6808""]","[20000, 40000]",0薪,"[""\u8865\u5145\u533b\u7597\u4fdd\u9669"", ""\u96f6\u98df\u4e0b\u5348\u8336"", ""\u8282\u65e5\u798f\u5229"", ""\u9910\u8865"", ""\u5b9a\u671f\u4f53\u68c0"", ""\u5e26\u85aa\u5e74\u5047"", ""\u4f4f\u623f\u8865\u8d34"", ""\u5e74\u7ec8\u5956"", ""\u5a31\u4e50\u5065\u8eab"", ""\u4ea4\u901a\u8865\u52a9"", ""\u4e94\u9669\u4e00\u91d1"", ""\u52a0\u73ed\u8865\u52a9"", ""\u901a\u8baf\u8865\u8d34"", ""\u5458\u5de5\u65c5\u6e38"", ""\u514d\u8d39\u73ed\u8f66""]",主任架构师,姚先生主任架构师,0,百度,"https://img.bosszhipin.com/beijin/mcs/banner/00c9c1238ae2c986f3e7741be97a9669cfcd208495d565ef66e7dff9f98764da.jpg?x-oss-process=image/resize,w_100,limit_0",互联网,已上市,"[0, 10000]",https://www.zhipin.com/job_detail/5ab6fd88a2ad689b1nF409u4GVU~.html?lid=62BcsDlWLkg.search.19&securityId=g6Kn0Wr9EiNkH-g1BZ7I2zPOhTSu4pHkm9RdJFiqNapHxEjKquX5c3AtJdzum7iG1-RrDPMcPDQjLcUDEcmyV71DX2vbbbxLJTC1RqMuIQ~~&sessionId=,https://www.zhipin.com/gongsi/2e0aa0cdaf3892461XN-2N25.html,海淀区
Python后端开发（Django）,成都,django,本科,1-3年,"[""\u6570\u636e\u5f00\u53d1"", ""\u670d\u52a1\u7aef\u5f00\u53d1\u7ecf\u9a8c"", ""\u673a\u5668\u5b66\u4e60/\u7b97\u6cd5\u5de5\u7a0b"", ""Django"", """", """", """", """", """"]","[6000, 10000]",0薪,"[""\u4e94\u9669\u4e00\u91d1"", ""\u5e74\u7ec8\u5956"", ""\u5e26\u85aa\u5e74\u5047""]",CEO,张先生CEO,0,MAKE1,"https://img.bosszhipin.com/beijin/mcs/chatphoto/20181105/11a2b14d82d1ea7106146400c7b31097cfcd208495d565ef66e7dff9f98764da.jpg?x-oss-process=image/resize,w_100,limit_0",智能硬件,不需要融资,"[20, 99]",https://www.zhipin.com/job_detail/3b995bc0a95cc4d61XV92NW1GVNX.html?lid=62BcsDlWLkg.search.20&securityId=jYtKwYQFOeX4e-L1PuVNHgXKsERp1C9kOyjFREW0S7yADyRgJ4LHPXw-I2LV5nIiJpCCP1vmej9qQDIU-K3PkaEuxAxuCRwJeA71CUvZqnRY&sessionId=,https://www.zhipin.com/gongsi/2e0aa0cdaf3892461XN-2N25.html,青羊区
django开发工程师,长沙,django,大专,3-5年,"[""Python"", ""Django"", ""\u8ba1\u7b97\u673a\u76f8\u5173\u4e13\u4e1a"", ""\u6570\u5b66/\u7edf\u8ba1\u76f8\u5173\u4e13\u4e1a"", """"]","[8000, 13000]",0薪,"[""\u5305\u5403"", ""\u9910\u8865"", ""\u4e94\u9669\u4e00\u91d1"", ""\u80a1\u7968\u671f\u6743"", ""\u5e74\u7ec8\u5956"", ""\u5168\u52e4\u5956""]",招聘者,冯先生招聘者,0,掌信科技发展,"https://img.bosszhipin.com/beijin/mcs/chatphoto/20201102/ffff5131b0b78651ae6f2d4a50c0964c39b6c81a9958724c5bc4ffd2029e4d3c_s.jpg?x-oss-process=image/resize,w_100,limit_0",计算机软件,天使轮,"[0, 20]",https://www.zhipin.com/job_detail/6d6f4fde6adbb3231XF439u4GVBR.html?lid=62BcsDlWLkg.search.21&securityId=HHudKaCd1HJBG-g1LfNPEqY3u62kqJ-ZBgO1WiDBDD-yvvx2sjNF4HLKtTorJ899X15iFzP35Q2Fgdh3FSnSyMmKouHqLzEP4wwVqMImjQJ97YslXQ~~&sessionId=,https://www.zhipin.com/gongsi/2e0aa0cdaf3892461XN-2N25.html,无
django开发工程师,沈阳,django,本科,6个月,"[""\u540e\u7aef"", ""Python""]","[150, 200]",0薪,"[""\u4e94\u9669\u4e00\u91d1"", ""\u514d\u8d39\u73ed\u8f66"", ""\u5e74\u7ec8\u5956"", ""\u5e26\u85aa\u5e74\u5047"", ""\u5b9a\u671f\u4f53\u68c0"", ""\u901a\u8baf\u8865\u8d34"", ""\u8282\u65e5\u798f\u5229"", ""\u8865\u5145\u533b\u7597\u4fdd\u9669"", ""\u96f6\u98df\u4e0b\u5348\u8336"", ""\u9910\u8865""]",高级攻防部-沈阳队长,佟先生高级攻防部-沈阳队长,1,华晨宝马,"https://img.bosszhipin.com/beijin/mcs/banner/3c71c4f071e8b19d54e920549544a64bcfcd208495d565ef66e7dff9f98764da.jpg?x-oss-process=image/resize,w_100,limit_0",汽车研发/制造,不需要融资,"[0, 10000]",https://www.zhipin.com/job_detail/24accf2a134adfba1HR_3dS7E1JZ.html?lid=62BcsDlWLkg.search.22&securityId=At64oTsDf6tTt-91ez4Ot3LuzIM05CPpyBmNw8rU-6sPwG6uHULw-ODf-VDMHdJsJ6t04n2Snv4PX9UY3tbIQyOogGsb_MQ5xr_JgL64NK3ZpK-biA~~&sessionId=,https://www.zhipin.com/gongsi/2e0aa0cdaf3892461XN-2N25.html,无
Django开发工程师,成都,django,本科,1-3年,"[""Redis"", ""NoSQL"", ""MongoDB"", ""MySQL"", ""Django"", ""Flask"", """", """"]","[6000, 7000]",0薪,"[""\u4e94\u9669\u4e00\u91d1"", ""\u5168\u52e4\u5956"", ""\u52a0\u73ed\u8865\u52a9"", ""\u9910\u8865"", ""\u5e74\u7ec8\u5956"", ""\u8865\u5145\u533b\u7597\u4fdd\u9669"", ""\u901a\u8baf\u8865\u8d34"", ""\u5458\u5de5\u65c5\u6e38"", ""\u4ea4\u901a\u8865\u52a9"", ""\u8282\u65e5\u798f\u5229"", ""\u4f4f\u623f\u8865\u8d34""]",招聘者,周先生招聘者,0,金戈工具,"https://img.bosszhipin.com/beijin/upload/com/logo/20190506/2a28c57651c3347906ec18e3bcd3b4d1712124f6b2516ef294fea36f10e6a2bf.png?x-oss-process=image/resize,w_100,limit_0",批发/零售,未融资,"[0, 20]",https://www.zhipin.com/job_detail/77083d05528c44721nJ-2t60EFBU.html?lid=62BcsDlWLkg.search.23&securityId=ggiZjtv3Gl0hi-h1db56IMOHyJsYUnjmkamDa6bgWKeMz-lnjM-Fuc2kSGOJQ8ciEgIJJbQUrm62IdmyFLhkWwvAq6Mz53Tx-y4_cm5cXb5nM_DKemQ~&sessionId=,https://www.zhipin.com/gongsi/2e0aa0cdaf3892461XN-2N25.html,金牛区
django开发工程师,杭州,django,本科,1年以内,"[""Python"", ""Django"", ""Scrapy"", ""\u8ba1\u7b97\u673a\u76f8\u5173\u4e13\u4e1a"", ""Python \u5de5\u7a0b\u5e08""]","[6000, 9000]",0薪,"[""\u96f6\u98df\u4e0b\u5348\u8336"", ""\u4e94\u9669\u4e00\u91d1"", ""\u5e26\u85aa\u5e74\u5047"", ""\u5458\u5de5\u65c5\u6e38"", ""\u5e74\u7ec8\u5956"", ""\u8865\u5145\u533b\u7597\u4fdd\u9669""]",技术总监,邝先生技术总监,0,沉浸数字科技,"https://img.bosszhipin.com/beijin/mcs/chatphoto/20210329/343b1363ec6abe0433ea7711b4defc09cc4201d9016806cf40f00a32ee926d71_s.jpg?x-oss-process=image/resize,w_100,limit_0",广告营销,不需要融资,"[0, 20]",https://www.zhipin.com/job_detail/ffb02ff9c299c0591HR42N26GVpU.html?lid=62BcsDlWLkg.search.24&securityId=Iyie6cBvJAjXD-h1HIHEd-OSCkEriDB84ZTpvq-A5wYcrN4W96kbJHI2r76jW81kNKw_mx9HSrlqmlMfEVRFbFC0UgUkwlBEPX0jx3tBieaHrT4j_Q~~&sessionId=,https://www.zhipin.com/gongsi/2e0aa0cdaf3892461XN-2N25.html,西湖区
django开发工程师,北京,django,本科,3-5年,"[""Python"", ""CSS"", ""HTML"", ""django""]","[20000, 25000]",0薪,无,部门经理,冉先生部门经理,0,深圳智镜光学有限...,"https://img.bosszhipin.com/beijin/app/mobile/normal-0e3f1e4441a21d4874cece3a3d81f0fe.png?x-oss-process=image/resize,w_100,limit_0",电子商务,未融资,"[20, 99]",https://www.zhipin.com/job_detail/c1abc7183a2ef0623n1_39W4GFY~.html?lid=62BcsDlWLkg.search.25&securityId=Z9Ez1n_BHtrOU-g1oycYedHwMtinDvZJ0de2qxYhaxTvj2J_ieutRyXPES3V1yYrTkcqSHfmDBewDIc7-pZcd7mM-iuWRSn6e0lvKebmWqP4OQ2s&sessionId=,https://www.zhipin.com/gongsi/2e0aa0cdaf3892461XN-2N25.html,大兴区
Python工程师/Django工程师,成都,django,本科,1-3年,"[""Python"", ""Django"", ""Flask"", ""MongoDB"", ""Redis"", ""MySQL""]","[8000, 10000]",0薪,无,招聘者,彭女士招聘者,0,成都霖慕仁轩文化传媒,"https://img.bosszhipin.com/beijin/upload/com/workfeel/20231018/7bf6f160950405e9b487a8d8660fd79be4904ca86c6b6580bf4cd868f23803ca100c5e15d7ff5f9a.png.webp?x-oss-process=image/resize,w_100,limit_0",广告/公关/会展,未融资,"[20, 99]",https://www.zhipin.com/job_detail/fb24a25f3d9ef7d51HZ739q-FVZW.html?lid=62BcsDlWLkg.search.26&securityId=FdgC3kZ8T3Stl-i1MTIeKQZ51CjI9rBt7r9dnPH_yBho9DCSUjVmTzZmnapG0eKg-b3Go4lBZKCHCq5yZmyIAwN0FLR1dMcj_Xx8YfGhN8FXAYL9XNs~&sessionId=,https://www.zhipin.com/gongsi/2e0aa0cdaf3892461XN-2N25.html,双流区
Python/Django开发工程师,西安,django,本科,1-3年,"[""Python"", ""django"", ""Linux""]","[8000, 15000]",0薪,无,行政部经理,陈女士行政部经理,0,斯维智能,"https://img.bosszhipin.com/beijin/mcs/chatphoto/20171221/9e61a0c90a4e5a28f4db0f25da42d31acfcd208495d565ef66e7dff9f98764da.jpg?x-oss-process=image/resize,w_100,limit_0",智能硬件,A轮,"[0, 20]",https://www.zhipin.com/job_detail/1f384deed25674dd1nJz0tW4Els~.html?lid=62BcsDlWLkg.search.27&securityId=KDOKxxUrIqXPG-_1P-3HIIzWYhDECj3wnjhgtm3bx8NOGusl4sUXzVejodkw_kNs7rsceLvDu9EnbARx4MuWYZTJYYsprSTbJhee_hVFNGdUhmC-&sessionId=,https://www.zhipin.com/gongsi/2e0aa0cdaf3892461XN-2N25.html,无
Django开发工程师,青岛,django,本科,3-5年,"[""\u670d\u52a1\u5668\u914d\u7f6e"", ""Django"", ""GIT"", ""PostgreSQL"", ""Redis"", ""\u591a\u8fdb\u7a0b"", """", """"]","[11000, 16000]",13薪,"[""\u4e94\u9669\u4e00\u91d1"", ""\u8865\u5145\u533b\u7597\u4fdd\u9669"", ""\u5b9a\u671f\u4f53\u68c0"", ""\u9910\u8865"", ""\u901a\u8baf\u8865\u8d34"", ""\u8282\u65e5\u798f\u5229""]",软件研发总监,薛先生软件研发总监,0,青岛思普润,"https://img.bosszhipin.com/beijin/mcs/chatphoto/20190820/6ee8cb83dfcd1b9647d46a8315aa2ad308e42c8750d9a4d1bab997d8d6a0ec8d_s.jpg?x-oss-process=image/resize,w_100,limit_0",环保,D轮及以上,"[100, 499]",https://www.zhipin.com/job_detail/6762033f1ea556af1XV72921FVBU.html?lid=62BcsDlWLkg.search.28&securityId=gbbB8k0Z9ComO-g1qfaLzNOOlacXHFJUF1xw5zt4iuLuRaeWZvjID096luxg09DY0IsVQdp5HA5kzTwHui3Uu6Sjdicesj42-adPvE0id212ycTuyw~~&sessionId=,https://www.zhipin.com/gongsi/2e0aa0cdaf3892461XN-2N25.html,黄岛区
django全棧工程師,汕尾,django,学历不限,3-5年,"[""Python"", ""Django"", ""Pandas"", ""PostgreSQL"", ""\u67b6\u6784\u8bbe\u8ba1\u7ecf\u9a8c"", """"]","[8000, 12000]",0薪,"[""\u8282\u65e5\u798f\u5229"", ""\u5e74\u7ec8\u5956"", ""\u56e2\u5efa\u805a\u9910"", ""\u96f6\u98df\u4e0b\u5348\u8336"", ""\u9910\u8865"", ""\u5305\u5403"", ""\u901a\u8baf\u8865\u8d34"", ""\u52a0\u73ed\u8865\u52a9"", ""\u5168\u52e4\u5956""]",招聘者,蔡先生招聘者,0,汕尾市城区成辉商...,"https://img.bosszhipin.com/beijin/upload/com/workfeel/20211105/7bf6f160950405e9fbdc6690753a28bda806fd6eecdb9881b1c1c0c8168e51cb63331beeb8498a70.jpg?x-oss-process=image/resize,w_100,limit_0",进出口贸易,未融资,"[20, 99]",https://www.zhipin.com/job_detail/8c0872113e6030dd1HVz09-7E1pW.html?lid=62BcsDlWLkg.search.29&securityId=sxZsDiCf4WH09-T1D8R-cdDLgBKqSKIrfLTez2Fk_4faz8XZiSK7SVM-eAl3FmJzRPEJ43krKYL2yCumdq2lRldzq2soLfPAaOyjD3QgYyqKweHclxBV&sessionId=,https://www.zhipin.com/gongsi/2e0aa0cdaf3892461XN-2N25.html,城区
后端工程师 python，django,北京,django,本科,3-5年,"[""Django""]","[15000, 25000]",0薪,"[""\u5e26\u85aa\u5e74\u5047"", ""\u5e74\u7ec8\u5956"", ""\u4e94\u9669\u4e00\u91d1"", ""\u5458\u5de5\u65c5\u6e38"", ""\u96f6\u98df\u4e0b\u5348\u8336"", ""\u4ea4\u901a\u8865\u52a9"", ""\u8282\u65e5\u798f\u5229"", ""\u80a1\u7968\u671f\u6743""]",招聘者,龚先生招聘者,0,拉酷,"https://img.bosszhipin.com/beijin/mcs/chatphoto/20161206/a563dc15f7bba21e12fdd457af2737ad9b5a769b3598da06c0c442f20343ab5c.jpg?x-oss-process=image/resize,w_100,limit_0",互联网,不需要融资,"[20, 99]",https://www.zhipin.com/job_detail/2bb7751155d878031nZ-2ti8EFtZ.html?lid=62BcsDlWLkg.search.30&securityId=fA9X0OdcESD40-C1TFMYVetJ70ofIrV5KpMA5NUtcQaBaHJJ7I19T4PrnCiWPHj6gdo8L3pcyH8cRqqQx34astH7X1RIW4-1Zo5dwlerOhuJ7Uam&sessionId=,https://www.zhipin.com/gongsi/2e0aa0cdaf3892461XN-2N25.html,海淀区
